graph_id,src,dst,weight
0,0,35,0.8090594235342111
0,2,37,0.8042252202247525
0,5,40,0.8002129675321548
0,5,56,0.8007950171294095
0,10,25,0.812316652652105
0,10,45,0.8051232057337752
0,11,21,0.8559776066153857
0,12,47,0.8001304815896242
0,13,48,0.8064695629369831
0,21,11,0.8559776066153857
0,21,56,0.8134013442507388
0,25,10,0.812316652652105
0,25,60,0.9071527095489543
0,35,0,0.8090594235342111
0,37,2,0.8042252202247525
0,40,5,0.8002129675321548
0,45,10,0.8051232057337752
0,47,12,0.8001304815896242
0,48,13,0.8064695629369831
0,48,56,0.8162163196679673
0,56,5,0.8007950171294095
0,56,21,0.8134013442507388
0,56,48,0.8162163196679673
0,60,25,0.9071527095489543
1,0,35,0.8464018107820389
1,2,37,0.8602180625816902
1,5,21,0.8570280615268543
1,5,40,0.818076198657822
1,7,42,0.8719428431572482
1,10,45,0.8112059408574197
1,13,48,0.823445153226864
1,16,51,0.8028864126053118
1,17,52,0.8430303627283923
1,21,5,0.8570280615268543
1,21,40,0.8271157659612325
1,21,48,0.8611581101617548
1,21,56,0.9158023378176727
1,22,24,0.8348698486155259
1,24,22,0.8348698486155259
1,24,59,0.8370961150136311
1,25,60,0.85646161743499
1,30,65,0.8695187512695605
1,35,0,0.8464018107820389
1,35,65,0.8162925190769944
1,37,2,0.8602180625816902
1,40,5,0.818076198657822
1,40,21,0.8271157659612325
1,40,48,0.8127822818566521
1,40,56,0.8148893466490136
1,42,7,0.8719428431572482
1,43,50,0.8209051684110508
1,45,10,0.8112059408574197
1,48,13,0.823445153226864
1,48,21,0.8611581101617548
1,48,40,0.8127822818566521
1,48,56,0.8543776664153185
1,50,43,0.8209051684110508
1,51,16,0.8028864126053118
1,52,17,0.8430303627283923
1,56,21,0.9158023378176727
1,56,40,0.8148893466490136
1,56,48,0.8543776664153185
1,57,59,0.8719461807365926
1,59,24,0.8370961150136311
1,59,57,0.8719461807365926
1,60,25,0.85646161743499
1,65,30,0.8695187512695605
1,65,35,0.8162925190769944
2,0,35,0.8842022082534229
2,5,7,0.8110909607136703
2,5,40,0.8529207550563064
2,5,48,0.8370127886079082
2,7,5,0.8110909607136703
2,7,13,0.8586164531447925
2,7,42,0.8508035473494601
2,7,48,0.8577534284283698
2,10,25,0.8311025938590366
2,10,45,0.8028654470181009
2,10,60,0.8388394612036985
2,11,46,0.8097994459378226
2,13,7,0.8586164531447925
2,13,21,0.8538607047572864
2,13,48,0.8903211453711223
2,21,13,0.8538607047572864
2,21,48,0.8223929621946551
2,22,24,0.8521537581547894
2,22,29,0.8264323677115848
2,22,57,0.8370657234118004
2,24,22,0.8521537581547894
2,25,10,0.8311025938590366
2,25,60,0.9084080346666127
2,29,22,0.8264323677115848
2,29,42,0.8048173919574204
2,30,65,0.8785803730619254
2,34,69,0.8212658606418332
2,35,0,0.8842022082534229
2,40,5,0.8529207550563064
2,42,7,0.8508035473494601
2,42,29,0.8048173919574204
2,42,48,0.8421374277657009
2,43,62,0.8101669934241247
2,45,10,0.8028654470181009
2,46,11,0.8097994459378226
2,48,5,0.8370127886079082
2,48,7,0.8577534284283698
2,48,13,0.8903211453711223
2,48,21,0.8223929621946551
2,48,42,0.8421374277657009
2,57,22,0.8370657234118004
2,57,59,0.887845124431839
2,59,57,0.887845124431839
2,60,10,0.8388394612036985
2,60,25,0.9084080346666127
2,62,43,0.8101669934241247
2,65,30,0.8785803730619254
2,69,34,0.8212658606418332
3,0,35,0.8527555795720339
3,5,40,0.8138970055919115
3,7,42,0.8136856286238234
3,10,45,0.802553251458181
3,11,46,0.809066426673079
3,12,47,0.8247701805960466
3,14,49,0.8994455793702779
3,17,52,0.8061210161997321
3,18,20,0.8643376368808776
3,20,18,0.8643376368808776
3,21,56,0.8494986557989527
3,22,24,0.8029198815337198
3,22,57,0.8511798600858931
3,24,22,0.8029198815337198
3,24,59,0.8783532059241399
3,26,61,0.8306899283970846
3,30,65,0.8191850953282797
3,35,0,0.8527555795720339
3,40,5,0.8138970055919115
3,42,7,0.8136856286238234
3,45,10,0.802553251458181
3,46,11,0.809066426673079
3,46,48,0.8103185448365854
3,47,12,0.8247701805960466
3,48,46,0.8103185448365854
3,49,14,0.8994455793702779
3,49,61,0.8051117597934533
3,52,17,0.8061210161997321
3,53,55,0.8297173132148303
3,54,55,0.8036109084779385
3,55,53,0.8297173132148303
3,55,54,0.8036109084779385
3,56,21,0.8494986557989527
3,57,22,0.8511798600858931
3,59,24,0.8783532059241399
3,61,26,0.8306899283970846
3,61,49,0.8051117597934533
3,65,30,0.8191850953282797
4,5,11,0.8400375585376306
4,5,13,0.8438895866339957
4,5,21,0.8988028834460888
4,5,46,0.8256484246179959
4,5,48,0.829240795775532
4,7,13,0.8611937533500026
4,7,42,0.842114540694354
4,7,48,0.8121114720892609
4,8,10,0.8523907957052139
4,10,8,0.8523907957052139
4,10,25,0.8321781499915162
4,11,5,0.8400375585376306
4,11,13,0.8280315954846353
4,11,21,0.8158807512227898
4,11,46,0.8277823569161148
4,13,5,0.8438895866339957
4,13,7,0.8611937533500026
4,13,11,0.8280315954846353
4,13,21,0.880431894105645
4,13,48,0.8923927219813194
4,14,49,0.9033975943048701
4,21,5,0.8988028834460888
4,21,11,0.8158807512227898
4,21,13,0.880431894105645
4,21,46,0.8191095592788493
4,21,48,0.8929078648755138
4,21,56,0.8098597654293836
4,24,59,0.856901636374452
4,25,10,0.8321781499915162
4,25,60,0.8861104892483711
4,26,61,0.8436608246773232
4,29,64,0.8223806120504121
4,30,65,0.8089751403603944
4,31,66,0.8222539972198917
4,40,46,0.8142310727623324
4,42,7,0.842114540694354
4,42,48,0.8141332345605915
4,46,5,0.8256484246179959
4,46,11,0.8277823569161148
4,46,21,0.8191095592788493
4,46,40,0.8142310727623324
4,46,48,0.8172997968633541
4,48,5,0.829240795775532
4,48,7,0.8121114720892609
4,48,13,0.8923927219813194
4,48,21,0.8929078648755138
4,48,42,0.8141332345605915
4,48,46,0.8172997968633541
4,49,14,0.9033975943048701
4,56,21,0.8098597654293836
4,59,24,0.856901636374452
4,60,25,0.8861104892483711
4,61,26,0.8436608246773232
4,64,29,0.8223806120504121
4,65,30,0.8089751403603944
4,66,31,0.8222539972198917
5,0,35,0.8536419679585678
5,5,21,0.8372019376948324
5,5,40,0.8447650529994671
5,7,13,0.8126174023838518
5,10,25,0.8666838541842934
5,10,45,0.8469394276433896
5,10,60,0.8608029842010004
5,11,13,0.822866076934046
5,11,21,0.8144229434426874
5,11,46,0.8212852358765914
5,11,48,0.8321701791568921
5,13,7,0.8126174023838518
5,13,11,0.822866076934046
5,13,21,0.8616594080792404
5,13,48,0.9006988076590475
5,14,49,0.8426135257375883
5,18,20,0.8212557413918885
5,20,18,0.8212557413918885
5,21,5,0.8372019376948324
5,21,11,0.8144229434426874
5,21,13,0.8616594080792404
5,21,48,0.8763326335243737
5,21,56,0.8774819483604157
5,22,24,0.8678492395161458
5,24,22,0.8678492395161458
5,24,59,0.811366213607897
5,25,10,0.8666838541842934
5,25,60,0.8903639264133582
5,29,64,0.8236631840822928
5,30,65,0.8470575850894232
5,35,0,0.8536419679585678
5,38,43,0.8141642592768338
5,40,5,0.8447650529994671
5,43,38,0.8141642592768338
5,45,10,0.8469394276433896
5,45,60,0.8507881066280136
5,46,11,0.8212852358765914
5,48,11,0.8321701791568921
5,48,13,0.9006988076590475
5,48,21,0.8763326335243737
5,48,56,0.850707295734387
5,49,14,0.8426135257375883
5,56,21,0.8774819483604157
5,56,48,0.850707295734387
5,57,59,0.8863606663831002
5,59,24,0.811366213607897
5,59,57,0.8863606663831002
5,60,10,0.8608029842010004
5,60,25,0.8903639264133582
5,60,45,0.8507881066280136
5,64,29,0.8236631840822928
5,65,30,0.8470575850894232
6,7,42,0.8223707771387133
6,7,48,0.8215713574650271
6,13,48,0.8710288330942211
6,17,52,0.8397732925488414
6,25,60,0.9066424332969923
6,26,61,0.8359807466775429
6,42,7,0.8223707771387133
6,42,48,0.8050684869587701
6,48,7,0.8215713574650271
6,48,13,0.8710288330942211
6,48,42,0.8050684869587701
6,52,17,0.8397732925488414
6,60,25,0.9066424332969923
6,60,64,0.8387867298958259
6,61,26,0.8359807466775429
6,64,60,0.8387867298958259
7,0,35,0.8260656174831207
7,10,45,0.8465898384395696
7,14,49,0.902941674614156
7,18,20,0.8362406992093556
7,20,18,0.8362406992093556
7,21,56,0.8265136706798878
7,24,59,0.8112328064531337
7,25,60,0.8347173079574004
7,35,0,0.8260656174831207
7,42,46,0.8068560749577107
7,45,10,0.8465898384395696
7,46,42,0.8068560749577107
7,49,14,0.902941674614156
7,53,55,0.8137613490633913
7,55,53,0.8137613490633913
7,56,21,0.8265136706798878
7,57,59,0.8024822142605214
7,59,24,0.8112328064531337
7,59,57,0.8024822142605214
7,60,25,0.8347173079574004
8,5,40,0.8283624788066072
8,7,42,0.8413321940523583
8,8,29,0.8088464555740598
8,10,25,0.8747926640502545
8,10,60,0.8161959046900941
8,11,46,0.9093723139862216
8,13,48,0.853532985160214
8,22,24,0.9061500514684425
8,22,57,0.8739884732685504
8,22,59,0.8484393541521104
8,24,22,0.9061500514684425
8,24,57,0.8566228105260102
8,24,59,0.8820874949217419
8,25,10,0.8747926640502545
8,25,60,0.8735593883353326
8,26,61,0.8084173293821474
8,29,8,0.8088464555740598
8,40,5,0.8283624788066072
8,42,7,0.8413321940523583
8,46,11,0.9093723139862216
8,48,13,0.853532985160214
8,53,55,0.816811470281995
8,55,53,0.816811470281995
8,57,22,0.8739884732685504
8,57,24,0.8566228105260102
8,57,59,0.9034740142523984
8,59,22,0.8484393541521104
8,59,24,0.8820874949217419
8,59,57,0.9034740142523984
8,60,10,0.8161959046900941
8,60,25,0.8735593883353326
8,61,26,0.8084173293821474
9,0,35,0.8224380461575682
9,7,13,0.8359096483052875
9,7,42,0.8185808031582146
9,7,48,0.8570631736125053
9,8,15,0.8123056851215958
9,10,45,0.8206378228300855
9,13,7,0.8359096483052875
9,13,48,0.8229116689486267
9,14,49,0.8854093964332734
9,15,8,0.8123056851215958
9,22,57,0.8074780110480315
9,24,59,0.8275075713795588
9,25,60,0.9022964062885687
9,28,63,0.8299273396332201
9,35,0,0.8224380461575682
9,42,7,0.8185808031582146
9,45,10,0.8206378228300855
9,48,7,0.8570631736125053
9,48,13,0.8229116689486267
9,49,14,0.8854093964332734
9,57,22,0.8074780110480315
9,57,59,0.8127399074102533
9,59,24,0.8275075713795588
9,59,57,0.8127399074102533
9,60,25,0.9022964062885687
9,63,28,0.8299273396332201
10,0,35,0.825445143065481
10,5,21,0.830736035438315
10,5,40,0.9004032542774664
10,5,56,0.8235165394504151
10,7,13,0.8397852133515408
10,7,48,0.8082230975158022
10,11,13,0.8196040310379104
10,11,21,0.8558572709206176
10,11,46,0.9191386735753517
10,11,48,0.804102355893821
10,13,7,0.8397852133515408
10,13,11,0.8196040310379104
10,13,21,0.9266843793282946
10,13,46,0.8310565632208438
10,13,48,0.9501254528523214
10,13,56,0.8437255479583154
10,21,5,0.830736035438315
10,21,11,0.8558572709206176
10,21,13,0.9266843793282946
10,21,46,0.8447056635205353
10,21,48,0.9101974607143524
10,21,56,0.8872720001975971
10,22,24,0.8076811208607715
10,24,22,0.8076811208607715
10,25,60,0.9082746103219105
10,26,61,0.8191618641953748
10,35,0,0.825445143065481
10,40,5,0.9004032542774664
10,46,11,0.9191386735753517
10,46,13,0.8310565632208438
10,46,21,0.8447056635205353
10,46,48,0.8213126821831191
10,48,7,0.8082230975158022
10,48,11,0.804102355893821
10,48,13,0.9501254528523214
10,48,21,0.9101974607143524
10,48,46,0.8213126821831191
10,48,56,0.855945879338473
10,56,5,0.8235165394504151
10,56,13,0.8437255479583154
10,56,21,0.8872720001975971
10,56,48,0.855945879338473
10,57,59,0.8162296122746154
10,59,57,0.8162296122746154
10,60,25,0.9082746103219105
10,61,26,0.8191618641953748
11,13,48,0.8093153452570819
11,14,49,0.8561669323219911
11,21,56,0.8257514858227759
11,22,24,0.8394163286920239
11,24,22,0.8394163286920239
11,38,43,0.8309679380754801
11,43,38,0.8309679380754801
11,48,13,0.8093153452570819
11,49,14,0.8561669323219911
11,56,21,0.8257514858227759
12,0,35,0.8672323730018003
12,2,37,0.8044462701515264
12,5,21,0.8463150072528587
12,5,48,0.8219097322663697
12,5,56,0.8421316848442492
12,7,11,0.8264446018964134
12,10,25,0.8853624598745106
12,10,45,0.8041945975981227
12,11,7,0.8264446018964134
12,11,13,0.8301101126899162
12,13,11,0.8301101126899162
12,13,21,0.808362406560372
12,13,48,0.8952030301166469
12,16,51,0.8640917753938133
12,17,52,0.8687310353645353
12,21,5,0.8463150072528587
12,21,13,0.808362406560372
12,21,48,0.8442129080271022
12,21,56,0.8988964004009843
12,22,24,0.8997737069269169
12,22,57,0.8108759313559332
12,24,22,0.8997737069269169
12,24,57,0.8022886669995212
12,24,59,0.8220794877482214
12,25,10,0.8853624598745106
12,25,40,0.835061998276975
12,25,60,0.9172180416664025
12,35,0,0.8672323730018003
12,36,50,0.8057626822287711
12,37,2,0.8044462701515264
12,40,25,0.835061998276975
12,42,46,0.8018462440121986
12,45,10,0.8041945975981227
12,46,42,0.8018462440121986
12,48,5,0.8219097322663697
12,48,13,0.8952030301166469
12,48,21,0.8442129080271022
12,48,56,0.850274410772573
12,50,36,0.8057626822287711
12,51,16,0.8640917753938133
12,52,17,0.8687310353645353
12,54,55,0.8427795806778646
12,55,54,0.8427795806778646
12,56,5,0.8421316848442492
12,56,21,0.8988964004009843
12,56,48,0.850274410772573
12,57,22,0.8108759313559332
12,57,24,0.8022886669995212
12,57,59,0.8862004807292858
12,59,24,0.8220794877482214
12,59,57,0.8862004807292858
12,60,25,0.9172180416664025
13,0,35,0.8435174938910436
13,7,11,0.8525256883945795
13,10,45,0.8380941775714615
13,11,7,0.8525256883945795
13,15,50,0.8414978407907634
13,17,52,0.823457252236201
13,19,20,0.8269001755289493
13,20,19,0.8269001755289493
13,21,56,0.8550915937477193
13,22,24,0.8325927913625141
13,22,57,0.8511740040544317
13,24,22,0.8325927913625141
13,24,59,0.8276074848942475
13,25,60,0.9074846664637481
13,27,31,0.8211631804874611
13,30,65,0.883879031160297
13,31,27,0.8211631804874611
13,34,69,0.8389699463260766
13,35,0,0.8435174938910436
13,36,65,0.8012396089179724
13,43,44,0.8294699144207781
13,43,50,0.8030005462123901
13,44,43,0.8294699144207781
13,44,50,0.8034756783182162
13,45,10,0.8380941775714615
13,50,15,0.8414978407907634
13,50,43,0.8030005462123901
13,50,44,0.8034756783182162
13,52,17,0.823457252236201
13,53,55,0.8037198998041436
13,55,53,0.8037198998041436
13,56,21,0.8550915937477193
13,57,22,0.8511740040544317
13,57,59,0.8568391556387415
13,59,24,0.8276074848942475
13,59,57,0.8568391556387415
13,60,25,0.9074846664637481
13,65,30,0.883879031160297
13,65,36,0.8012396089179724
13,69,34,0.8389699463260766
14,0,35,0.8340322613981017
14,5,40,0.8595937802403029
14,7,13,0.8176637621143373
14,7,42,0.8383657000643099
14,10,45,0.8312681034686478
14,12,47,0.8006693780562817
14,13,7,0.8176637621143373
14,13,48,0.8579022139924244
14,14,49,0.8670621923339604
14,17,52,0.8517066791876944
14,21,56,0.8412640071586491
14,22,24,0.8631535384096136
14,24,22,0.8631535384096136
14,24,57,0.8036266517841911
14,24,59,0.8235430137319374
14,25,60,0.8847155926738812
14,26,61,0.8742441933429717
14,29,64,0.8609132271405256
14,35,0,0.8340322613981017
14,40,5,0.8595937802403029
14,40,46,0.812231128264654
14,42,7,0.8383657000643099
14,45,10,0.8312681034686478
14,46,40,0.812231128264654
14,47,12,0.8006693780562817
14,48,13,0.8579022139924244
14,49,14,0.8670621923339604
14,52,17,0.8517066791876944
14,56,21,0.8412640071586491
14,57,24,0.8036266517841911
14,57,59,0.874926754449625
14,59,24,0.8235430137319374
14,59,57,0.874926754449625
14,60,25,0.8847155926738812
14,61,26,0.8742441933429717
14,64,29,0.8609132271405256
15,2,37,0.8696913867007215
15,10,14,0.8487078643926109
15,10,45,0.8540353614810898
15,13,48,0.8647544002004866
15,14,10,0.8487078643926109
15,14,49,0.9093316504659137
15,18,20,0.8076808729334182
15,20,18,0.8076808729334182
15,25,60,0.853883137397642
15,26,61,0.8046594789238497
15,37,2,0.8696913867007215
15,38,54,0.8136848554436015
15,45,10,0.8540353614810898
15,48,13,0.8647544002004866
15,49,14,0.9093316504659137
15,54,38,0.8136848554436015
15,57,59,0.8722986581503227
15,59,57,0.8722986581503227
15,60,25,0.853883137397642
15,61,26,0.8046594789238497
16,0,35,0.8315502727162344
16,3,8,0.81844235797646
16,8,3,0.81844235797646
16,14,49,0.8394336915529275
16,21,56,0.8789946292743809
16,24,59,0.8179421069635492
16,25,60,0.8351904357035081
16,35,0,0.8315502727162344
16,38,62,0.8080779760162424
16,49,14,0.8394336915529275
16,56,21,0.8789946292743809
16,59,24,0.8179421069635492
16,60,25,0.8351904357035081
16,62,38,0.8080779760162424
17,0,35,0.8382228102782384
17,7,9,0.8127993911970343
17,7,42,0.9032016298711072
17,9,7,0.8127993911970343
17,9,42,0.8269725873596538
17,10,25,0.8008958467838005
17,10,45,0.8251452147462581
17,11,46,0.8602960351103465
17,13,48,0.8916012266114383
17,15,50,0.8050620886636515
17,17,52,0.8785345705378974
17,18,20,0.8054007850315206
17,20,18,0.8054007850315206
17,21,56,0.8683274008847629
17,22,24,0.890287343563805
17,22,52,0.819731505270199
17,22,57,0.9312790830113473
17,22,59,0.9032505363760344
17,24,22,0.890287343563805
17,24,57,0.8584693113455222
17,24,59,0.9260908954424193
17,25,10,0.8008958467838005
17,25,45,0.8087214448991443
17,25,60,0.9249504911299264
17,29,64,0.9139908142675208
17,30,65,0.882218761109416
17,35,0,0.8382228102782384
17,38,62,0.8290464911850645
17,42,7,0.9032016298711072
17,42,9,0.8269725873596538
17,42,48,0.8038095641650784
17,45,10,0.8251452147462581
17,45,25,0.8087214448991443
17,46,11,0.8602960351103465
17,48,13,0.8916012266114383
17,48,42,0.8038095641650784
17,50,15,0.8050620886636515
17,52,17,0.8785345705378974
17,52,22,0.819731505270199
17,52,57,0.8013607715031084
17,56,21,0.8683274008847629
17,57,22,0.9312790830113473
17,57,24,0.8584693113455222
17,57,52,0.8013607715031084
17,57,59,0.9199445359505104
17,59,22,0.9032505363760344
17,59,24,0.9260908954424193
17,59,57,0.9199445359505104
17,60,25,0.9249504911299264
17,62,38,0.8290464911850645
17,64,29,0.9139908142675208
17,65,30,0.882218761109416
18,5,21,0.924612805056233
18,5,40,0.8848449679986639
18,5,56,0.8276535097996358
18,6,41,0.8010757885353776
18,7,42,0.8211762932096693
18,10,25,0.883672839585799
18,10,45,0.8034190725060015
18,11,46,0.875615468431307
18,13,40,0.8690472570236998
18,13,48,0.9309103292791484
18,13,56,0.8330509469061826
18,14,49,0.8740950125326703
18,17,52,0.8655527453345161
18,21,5,0.924612805056233
18,21,40,0.8231943875607431
18,21,56,0.8993950587715707
18,22,24,0.8756418443215888
18,22,57,0.9031498964652332
18,22,59,0.8389925919873349
18,24,22,0.8756418443215888
18,24,57,0.8459082544059983
18,24,59,0.8771611271159324
18,25,10,0.883672839585799
18,25,60,0.8343515131702666
18,30,65,0.8568156246003756
18,40,5,0.8848449679986639
18,40,13,0.8690472570236998
18,40,21,0.8231943875607431
18,40,46,0.8381997252727045
18,40,48,0.8793884522553058
18,40,56,0.8277832825834598
18,41,6,0.8010757885353776
18,42,7,0.8211762932096693
18,45,10,0.8034190725060015
18,46,11,0.875615468431307
18,46,40,0.8381997252727045
18,48,13,0.9309103292791484
18,48,40,0.8793884522553058
18,48,56,0.8633080189245562
18,49,14,0.8740950125326703
18,52,17,0.8655527453345161
18,56,5,0.8276535097996358
18,56,13,0.8330509469061826
18,56,21,0.8993950587715707
18,56,40,0.8277832825834598
18,56,48,0.8633080189245562
18,57,22,0.9031498964652332
18,57,24,0.8459082544059983
18,57,59,0.8797760131929253
18,59,22,0.8389925919873349
18,59,24,0.8771611271159324
18,59,57,0.8797760131929253
18,60,25,0.8343515131702666
18,65,30,0.8568156246003756
19,2,37,0.8347190197102656
19,5,40,0.8514477369154025
19,10,25,0.8068414572596002
19,10,45,0.8516631257516408
19,13,48,0.8006297807882972
19,17,52,0.8224958029954429
19,25,10,0.8068414572596002
19,25,60,0.8801611229240168
19,37,2,0.8347190197102656
19,40,5,0.8514477369154025
19,45,10,0.8516631257516408
19,48,13,0.8006297807882972
19,52,17,0.8224958029954429
19,60,25,0.8801611229240168
20,13,48,0.8434187382657545
20,14,49,0.8347043142879934
20,25,60,0.8354554817683658
20,26,61,0.8262606234596831
20,43,50,0.8865455840842071
20,48,13,0.8434187382657545
20,49,14,0.8347043142879934
20,50,43,0.8865455840842071
20,60,25,0.8354554817683658
20,61,26,0.8262606234596831
21,5,40,0.8213022887071144
21,7,42,0.8070948295518764
21,10,25,0.8524347046723819
21,10,45,0.8249272284461171
21,11,46,0.8544388174165394
21,14,49,0.8400680008874527
21,16,51,0.8172945999974325
21,17,24,0.8443279518759885
21,17,52,0.9059937636121159
21,17,59,0.8093266840926717
21,21,56,0.8870827751813589
21,22,24,0.8027015990669653
21,22,52,0.8504180240018075
21,24,17,0.8443279518759885
21,24,22,0.8027015990669653
21,24,59,0.8589500116717393
21,25,10,0.8524347046723819
21,25,60,0.8598778511593639
21,26,61,0.8362242808643836
21,40,5,0.8213022887071144
21,42,7,0.8070948295518764
21,45,10,0.8249272284461171
21,46,11,0.8544388174165394
21,49,14,0.8400680008874527
21,51,16,0.8172945999974325
21,52,17,0.9059937636121159
21,52,22,0.8504180240018075
21,56,21,0.8870827751813589
21,59,17,0.8093266840926717
21,59,24,0.8589500116717393
21,60,25,0.8598778511593639
21,61,26,0.8362242808643836
22,14,49,0.815536311690696
22,43,50,0.8287238306431516
22,49,14,0.815536311690696
22,50,43,0.8287238306431516
23,0,35,0.8870187599176664
23,7,9,0.842509434763964
23,7,42,0.8715159310574869
23,7,48,0.8373327743459015
23,9,7,0.842509434763964
23,10,25,0.8165057650659525
23,10,45,0.8292099155038255
23,12,47,0.8128996939655461
23,13,42,0.800046940679153
23,13,48,0.893119968467916
23,14,49,0.8870492772965223
23,16,51,0.8310167324611182
23,22,24,0.8018907237772943
23,24,22,0.8018907237772943
23,24,59,0.8367667689644258
23,25,10,0.8165057650659525
23,25,60,0.8661198467083342
23,29,64,0.8317044749313237
23,30,65,0.8239078913674542
23,32,49,0.8170991343205223
23,35,0,0.8870187599176664
23,42,7,0.8715159310574869
23,42,13,0.800046940679153
23,42,48,0.8611441520996409
23,43,50,0.805386487004097
23,45,10,0.8292099155038255
23,45,60,0.8390856921380679
23,47,12,0.8128996939655461
23,48,7,0.8373327743459015
23,48,13,0.893119968467916
23,48,42,0.8611441520996409
23,49,14,0.8870492772965223
23,49,32,0.8170991343205223
23,49,67,0.8202718514284735
23,50,43,0.805386487004097
23,51,16,0.8310167324611182
23,57,59,0.8462130339701842
23,59,24,0.8367667689644258
23,59,57,0.8462130339701842
23,60,25,0.8661198467083342
23,60,45,0.8390856921380679
23,64,29,0.8317044749313237
23,65,30,0.8239078913674542
23,67,49,0.8202718514284735
24,0,35,0.9020060229013558
24,5,13,0.837846939536141
24,5,21,0.846144176576434
24,5,40,0.8356378566094183
24,7,13,0.8794584828089591
24,7,42,0.8719050857264615
24,7,48,0.8517925977910901
24,10,25,0.817910978069653
24,10,45,0.8372132475840527
24,11,13,0.8418021350169871
24,11,46,0.8160659608241029
24,12,47,0.8426969080362618
24,13,5,0.837846939536141
24,13,7,0.8794584828089591
24,13,11,0.8418021350169871
24,13,21,0.8031367295474792
24,13,42,0.8327623079018899
24,13,48,0.8499827207875813
24,14,49,0.8953998016452688
24,16,51,0.8233919064985861
24,17,52,0.8839663494443578
24,21,5,0.846144176576434
24,21,13,0.8031367295474792
24,21,56,0.838497217641092
24,22,24,0.8252999767769007
24,22,57,0.8937423524185294
24,24,22,0.8252999767769007
24,24,57,0.8577581869308827
24,24,59,0.8737492856455972
24,25,10,0.817910978069653
24,25,60,0.8352294675596603
24,26,61,0.8445382377018876
24,29,64,0.8309863137871153
24,30,65,0.8788378919306957
24,35,0,0.9020060229013558
24,38,43,0.9103242016404296
24,40,5,0.8356378566094183
24,42,7,0.8719050857264615
24,42,13,0.8327623079018899
24,42,46,0.8010035249473907
24,42,48,0.8494481231329992
24,43,38,0.9103242016404296
24,43,50,0.8016036954106406
24,45,10,0.8372132475840527
24,46,11,0.8160659608241029
24,46,42,0.8010035249473907
24,47,12,0.8426969080362618
24,48,7,0.8517925977910901
24,48,13,0.8499827207875813
24,48,42,0.8494481231329992
24,49,14,0.8953998016452688
24,50,43,0.8016036954106406
24,51,16,0.8233919064985861
24,52,17,0.8839663494443578
24,53,55,0.8006272804423639
24,55,53,0.8006272804423639
24,56,21,0.838497217641092
24,57,22,0.8937423524185294
24,57,24,0.8577581869308827
24,57,59,0.900302847224309
24,59,24,0.8737492856455972
24,59,57,0.900302847224309
24,60,25,0.8352294675596603
24,61,26,0.8445382377018876
24,64,29,0.8309863137871153
24,65,30,0.8788378919306957
25,0,35,0.9091180066736435
25,2,37,0.9000337191085019
25,5,11,0.8060748911513423
25,5,21,0.8478018366352958
25,5,40,0.8831775556777579
25,7,13,0.8950325485847436
25,7,42,0.8943533578653656
25,7,48,0.8631994323456536
25,10,45,0.8563886753480154
25,11,5,0.8060748911513423
25,11,13,0.823290885493739
25,11,21,0.8495126490550681
25,11,46,0.8221573799734707
25,11,48,0.8459285699915144
25,13,7,0.8950325485847436
25,13,11,0.823290885493739
25,13,42,0.8826163214817401
25,13,48,0.8861729026353736
25,14,49,0.8144085505617001
25,17,52,0.8495713402104215
25,21,5,0.8478018366352958
25,21,11,0.8495126490550681
25,21,48,0.8266168534735423
25,22,24,0.8361734613748624
25,22,57,0.8694819167878112
25,24,22,0.8361734613748624
25,24,57,0.8102018623499992
25,24,59,0.8563853082508807
25,25,60,0.8920181987185665
25,26,61,0.80134370539643
25,28,63,0.8043815668845778
25,29,64,0.8834660203385906
25,30,65,0.8230399183682622
25,31,66,0.8338918979186166
25,35,0,0.9091180066736435
25,37,2,0.9000337191085019
25,40,5,0.8831775556777579
25,42,7,0.8943533578653656
25,42,13,0.8826163214817401
25,42,48,0.8468034107217259
25,45,10,0.8563886753480154
25,46,11,0.8221573799734707
25,46,48,0.8130192704723842
25,48,7,0.8631994323456536
25,48,11,0.8459285699915144
25,48,13,0.8861729026353736
25,48,21,0.8266168534735423
25,48,42,0.8468034107217259
25,48,46,0.8130192704723842
25,49,14,0.8144085505617001
25,52,17,0.8495713402104215
25,57,22,0.8694819167878112
25,57,24,0.8102018623499992
25,57,59,0.8225081444812119
25,59,24,0.8563853082508807
25,59,57,0.8225081444812119
25,60,25,0.8920181987185665
25,61,26,0.80134370539643
25,63,28,0.8043815668845778
25,64,29,0.8834660203385906
25,65,30,0.8230399183682622
25,66,31,0.8338918979186166
26,0,35,0.8420096341382125
26,2,37,0.8384526199430818
26,5,21,0.8199663256506441
26,5,56,0.8301085017257482
26,7,42,0.8026364069579925
26,8,29,0.8076670906021362
26,10,25,0.8335463931128209
26,10,45,0.8910330325963253
26,11,13,0.8404312721994784
26,11,21,0.8403798074991113
26,11,46,0.804787139540571
26,13,11,0.8404312721994784
26,13,21,0.8463465883672111
26,13,48,0.8944062553903004
26,14,49,0.850031147506526
26,15,30,0.8003687943929431
26,15,42,0.8250519563088464
26,16,51,0.8332148697557328
26,17,52,0.9065793384991848
26,18,20,0.8232695847641422
26,20,18,0.8232695847641422
26,21,5,0.8199663256506441
26,21,11,0.8403798074991113
26,21,13,0.8463465883672111
26,21,56,0.8016171815573767
26,22,24,0.8304070383535097
26,22,66,0.8125746003287565
26,24,22,0.8304070383535097
26,24,57,0.8162205793429512
26,25,10,0.8335463931128209
26,25,60,0.9236037938143916
26,26,61,0.8553544044996106
26,28,63,0.8007017540282098
26,29,8,0.8076670906021362
26,29,64,0.8525496757984918
26,30,15,0.8003687943929431
26,30,65,0.8468589140722735
26,35,0,0.8420096341382125
26,37,2,0.8384526199430818
26,38,43,0.8305398650144596
26,42,7,0.8026364069579925
26,42,15,0.8250519563088464
26,42,48,0.8261625130447056
26,43,38,0.8305398650144596
26,45,10,0.8910330325963253
26,46,11,0.804787139540571
26,48,13,0.8944062553903004
26,48,42,0.8261625130447056
26,48,56,0.804535147806667
26,49,14,0.850031147506526
26,51,16,0.8332148697557328
26,52,17,0.9065793384991848
26,53,55,0.8617787237570325
26,55,53,0.8617787237570325
26,56,5,0.8301085017257482
26,56,21,0.8016171815573767
26,56,48,0.804535147806667
26,57,24,0.8162205793429512
26,57,59,0.8721501848790164
26,59,57,0.8721501848790164
26,60,25,0.9236037938143916
26,61,26,0.8553544044996106
26,63,28,0.8007017540282098
26,64,29,0.8525496757984918
26,65,30,0.8468589140722735
26,66,22,0.8125746003287565
27,6,41,0.8200682394192156
27,7,9,0.8500133109104829
27,7,11,0.8052119990300663
27,7,13,0.8494802792433667
27,7,42,0.9165472390031152
27,7,48,0.8412796504381985
27,9,7,0.8500133109104829
27,9,42,0.8590176420441705
27,9,46,0.8139725100187254
27,10,45,0.9041085650210707
27,11,7,0.8052119990300663
27,11,13,0.8501133096285183
27,11,42,0.8147373686395193
27,11,46,0.816719155990006
27,11,48,0.8017811983314191
27,12,14,0.8108810995389463
27,12,49,0.8349735317828851
27,13,7,0.8494802792433667
27,13,11,0.8501133096285183
27,13,42,0.8430747715688914
27,13,48,0.9196435760362375
27,14,12,0.8108810995389463
27,14,49,0.8887818726296015
27,16,51,0.8178753927269414
27,17,52,0.8813551637752661
27,21,56,0.8100363882708399
27,22,24,0.8062572723078237
27,24,22,0.8062572723078237
27,24,59,0.840192543970225
27,25,60,0.8949325137920593
27,26,61,0.8627270485370944
27,28,63,0.8296018632038935
27,29,64,0.8568925222726939
27,30,65,0.8388693980833328
27,32,67,0.8662528929662704
27,41,6,0.8200682394192156
27,42,7,0.9165472390031152
27,42,9,0.8590176420441705
27,42,11,0.8147373686395193
27,42,13,0.8430747715688914
27,42,46,0.8474816036661482
27,42,48,0.8442822283835231
27,45,10,0.9041085650210707
27,46,9,0.8139725100187254
27,46,11,0.816719155990006
27,46,42,0.8474816036661482
27,46,48,0.8114101000430037
27,48,7,0.8412796504381985
27,48,11,0.8017811983314191
27,48,13,0.9196435760362375
27,48,42,0.8442822283835231
27,48,46,0.8114101000430037
27,49,12,0.8349735317828851
27,49,14,0.8887818726296015
27,51,16,0.8178753927269414
27,52,17,0.8813551637752661
27,56,21,0.8100363882708399
27,57,59,0.873650161044338
27,59,24,0.840192543970225
27,59,57,0.873650161044338
27,60,25,0.8949325137920593
27,61,26,0.8627270485370944
27,63,28,0.8296018632038935
27,64,29,0.8568925222726939
27,65,30,0.8388693980833328
27,65,69,0.8137253982570314
27,67,32,0.8662528929662704
27,69,65,0.8137253982570314
28,7,13,0.885946751660396
28,7,42,0.8309505956027181
28,10,25,0.8927366081938347
28,10,45,0.9181830922376538
28,10,60,0.8204219009565645
28,11,13,0.8276076386522454
28,11,21,0.8025149489125047
28,11,46,0.8119033449482153
28,13,7,0.885946751660396
28,13,11,0.8276076386522454
28,13,21,0.8103485777694451
28,13,48,0.8667157723506702
28,14,49,0.9063837387850232
28,21,11,0.8025149489125047
28,21,13,0.8103485777694451
28,25,10,0.8927366081938347
28,25,45,0.8591587091054701
28,25,60,0.936316778118166
28,29,64,0.8262214425203321
28,38,43,0.8141343386748164
28,42,7,0.8309505956027181
28,43,38,0.8141343386748164
28,43,50,0.828285318859719
28,45,10,0.9181830922376538
28,45,25,0.8591587091054701
28,45,60,0.8201146742063223
28,46,11,0.8119033449482153
28,48,13,0.8667157723506702
28,49,14,0.9063837387850232
28,49,67,0.8032443016015614
28,50,43,0.828285318859719
28,60,10,0.8204219009565645
28,60,25,0.936316778118166
28,60,45,0.8201146742063223
28,62,63,0.8059780660237331
28,63,62,0.8059780660237331
28,64,29,0.8262214425203321
28,67,49,0.8032443016015614
29,3,8,0.8282706409047347
29,5,40,0.8538866845754389
29,8,3,0.8282706409047347
29,10,25,0.8195088087340036
29,10,45,0.8504475918546406
29,14,26,0.8188856444111101
29,14,49,0.8718488143776123
29,25,10,0.8195088087340036
29,25,60,0.9246439368703359
29,26,14,0.8188856444111101
29,26,61,0.8513887174673064
29,40,5,0.8538866845754389
29,45,10,0.8504475918546406
29,49,14,0.8718488143776123
29,49,61,0.8133654327769468
29,53,55,0.8281999448437563
29,55,53,0.8281999448437563
29,60,25,0.9246439368703359
29,61,26,0.8513887174673064
29,61,49,0.8133654327769468
30,2,37,0.8109896234342504
30,5,21,0.9073794438209467
30,5,40,0.8907993132798535
30,5,56,0.8064663958861955
30,7,13,0.8385731045708297
30,7,42,0.8494728050870293
30,7,48,0.8239462884272998
30,10,25,0.812803929081066
30,11,13,0.828081387399736
30,11,21,0.8319354422616976
30,11,48,0.8230256819365614
30,13,7,0.8385731045708297
30,13,11,0.828081387399736
30,13,42,0.8440147606590277
30,13,48,0.8948200089668393
30,14,49,0.8248205700430234
30,16,51,0.8605523711523384
30,17,52,0.8030469054760502
30,21,5,0.9073794438209467
30,21,11,0.8319354422616976
30,21,56,0.8140751430992358
30,24,59,0.8146711794051853
30,25,10,0.812803929081066
30,25,60,0.8463718938963833
30,28,63,0.8292531218236584
30,29,64,0.8443990408295848
30,37,2,0.8109896234342504
30,40,5,0.8907993132798535
30,42,7,0.8494728050870293
30,42,13,0.8440147606590277
30,42,48,0.8127015662855787
30,43,50,0.8039648980724604
30,48,7,0.8239462884272998
30,48,11,0.8230256819365614
30,48,13,0.8948200089668393
30,48,42,0.8127015662855787
30,49,14,0.8248205700430234
30,50,43,0.8039648980724604
30,51,16,0.8605523711523384
30,52,17,0.8030469054760502
30,53,55,0.8478703622430711
30,55,53,0.8478703622430711
30,56,5,0.8064663958861955
30,56,21,0.8140751430992358
30,57,59,0.8143460356483858
30,59,24,0.8146711794051853
30,59,57,0.8143460356483858
30,60,25,0.8463718938963833
30,63,28,0.8292531218236584
30,64,29,0.8443990408295848
31,5,21,0.8108968701943247
31,5,40,0.8284966411781126
31,7,9,0.8141153255893862
31,7,11,0.8178056261157483
31,7,13,0.8834659692300291
31,7,42,0.8516678912086398
31,7,48,0.8316530233611463
31,9,7,0.8141153255893862
31,9,11,0.8251670783164279
31,9,42,0.8235836839424714
31,10,25,0.8552526626185927
31,10,45,0.8203754062983746
31,11,7,0.8178056261157483
31,11,9,0.8251670783164279
31,11,13,0.8654760367684642
31,11,42,0.8404570651035204
31,11,46,0.8236360349370986
31,11,48,0.8503583668290768
31,13,7,0.8834659692300291
31,13,11,0.8654760367684642
31,13,42,0.8061613445859058
31,13,48,0.9254516052014122
31,21,5,0.8108968701943247
31,21,56,0.8052802774458465
31,22,24,0.8314410266271856
31,24,22,0.8314410266271856
31,25,10,0.8552526626185927
31,25,60,0.8196848800582505
31,30,65,0.8076260220845638
31,40,5,0.8284966411781126
31,42,7,0.8516678912086398
31,42,9,0.8235836839424714
31,42,11,0.8404570651035204
31,42,13,0.8061613445859058
31,42,48,0.8127927383867986
31,45,10,0.8203754062983746
31,46,11,0.8236360349370986
31,48,7,0.8316530233611463
31,48,11,0.8503583668290768
31,48,13,0.9254516052014122
31,48,42,0.8127927383867986
31,56,21,0.8052802774458465
31,60,25,0.8196848800582505
31,65,30,0.8076260220845638
32,2,37,0.8117982378947333
32,5,11,0.8729007909994062
32,5,21,0.9095342238932611
32,5,40,0.8389992619130467
32,5,56,0.8380958171922493
32,7,42,0.8224745842804836
32,11,5,0.8729007909994062
32,11,21,0.8215122328212467
32,13,21,0.811553441124499
32,13,48,0.9080963171271538
32,14,49,0.8709133196984926
32,16,51,0.802057197701842
32,17,22,0.8026891723006089
32,17,24,0.8324978328035673
32,17,52,0.8665137161202179
32,17,57,0.8318070140414128
32,21,5,0.9095342238932611
32,21,11,0.8215122328212467
32,21,13,0.811553441124499
32,21,56,0.853158937330881
32,22,17,0.8026891723006089
32,22,24,0.8981502427660332
32,22,57,0.8898912200873964
32,22,59,0.8102618377293301
32,24,17,0.8324978328035673
32,24,22,0.8981502427660332
32,24,57,0.8229564352881364
32,24,59,0.8335022661061071
32,25,60,0.8111124430955444
32,26,61,0.8232830833048272
32,37,2,0.8117982378947333
32,40,5,0.8389992619130467
32,40,48,0.8471740448819205
32,40,56,0.8133623488219245
32,42,7,0.8224745842804836
32,48,13,0.9080963171271538
32,48,40,0.8471740448819205
32,48,56,0.828657652072944
32,49,14,0.8709133196984926
32,50,63,0.845898352466097
32,51,16,0.802057197701842
32,52,17,0.8665137161202179
32,56,5,0.8380958171922493
32,56,21,0.853158937330881
32,56,40,0.8133623488219245
32,56,48,0.828657652072944
32,57,17,0.8318070140414128
32,57,22,0.8898912200873964
32,57,24,0.8229564352881364
32,57,59,0.8809484408332551
32,59,22,0.8102618377293301
32,59,24,0.8335022661061071
32,59,57,0.8809484408332551
32,60,25,0.8111124430955444
32,61,26,0.8232830833048272
32,63,50,0.845898352466097
33,2,37,0.8192603675986254
33,5,11,0.8198516049863597
33,5,21,0.8639904437954637
33,5,40,0.809848581465938
33,5,56,0.8133122674858878
33,7,42,0.8364928713102582
33,10,25,0.8374366470037741
33,10,45,0.8769657706618534
33,11,5,0.8198516049863597
33,11,21,0.8410978606815375
33,11,46,0.8574638463079552
33,12,47,0.8205234784107123
33,13,48,0.8420769357714725
33,14,32,0.859034931788459
33,14,49,0.9363083251910933
33,14,67,0.8249552621926428
33,17,52,0.8037552494547319
33,21,5,0.8639904437954637
33,21,11,0.8410978606815375
33,21,46,0.8224139535656951
33,21,48,0.8391454635789202
33,21,56,0.9115664368288874
33,22,24,0.8517069188045309
33,22,57,0.8405745695570436
33,24,22,0.8517069188045309
33,24,59,0.8503632978799189
33,25,10,0.8374366470037741
33,25,60,0.9075170884915938
33,26,61,0.8535803297171871
33,32,14,0.859034931788459
33,32,67,0.8312576415860249
33,37,2,0.8192603675986254
33,40,5,0.809848581465938
33,42,7,0.8364928713102582
33,45,10,0.8769657706618534
33,46,11,0.8574638463079552
33,46,21,0.8224139535656951
33,46,48,0.8084720675790859
33,47,12,0.8205234784107123
33,48,13,0.8420769357714725
33,48,21,0.8391454635789202
33,48,46,0.8084720675790859
33,48,56,0.8370342324014002
33,49,14,0.9363083251910933
33,52,17,0.8037552494547319
33,56,5,0.8133122674858878
33,56,21,0.9115664368288874
33,56,48,0.8370342324014002
33,57,22,0.8405745695570436
33,57,59,0.8280284786953253
33,59,24,0.8503632978799189
33,59,57,0.8280284786953253
33,60,25,0.9075170884915938
33,61,26,0.8535803297171871
33,67,14,0.8249552621926428
33,67,32,0.8312576415860249
34,0,35,0.850977397314002
34,1,15,0.8018847373224337
34,2,37,0.8152056353455246
34,5,21,0.8510359694216764
34,5,40,0.832576276201375
34,7,9,0.8434129336392514
34,7,11,0.8159111801939116
34,7,42,0.8650698936224243
34,9,7,0.8434129336392514
34,10,25,0.8394969328224723
34,10,45,0.8348856142519617
34,11,7,0.8159111801939116
34,11,42,0.8002010636262128
34,11,46,0.8869429149331407
34,13,21,0.860308146941936
34,13,48,0.8895742939584819
34,14,49,0.8815929968138311
34,15,1,0.8018847373224337
34,17,52,0.8147198036466161
34,19,20,0.8218114145399287
34,20,19,0.8218114145399287
34,21,5,0.8510359694216764
34,21,13,0.860308146941936
34,21,40,0.8330893014303508
34,21,48,0.8680343373022066
34,21,56,0.8417175031113016
34,24,59,0.8555160249541054
34,25,10,0.8394969328224723
34,25,60,0.853806198772862
34,29,64,0.8156487266081831
34,30,65,0.8875327870830371
34,34,69,0.854578081645717
34,35,0,0.850977397314002
34,37,2,0.8152056353455246
34,40,5,0.832576276201375
34,40,21,0.8330893014303508
34,42,7,0.8650698936224243
34,42,11,0.8002010636262128
34,42,46,0.8621881636420035
34,43,50,0.8325174423244905
34,45,10,0.8348856142519617
34,46,11,0.8869429149331407
34,46,42,0.8621881636420035
34,48,13,0.8895742939584819
34,48,21,0.8680343373022066
34,48,56,0.8279835596825089
34,49,14,0.8815929968138311
34,50,43,0.8325174423244905
34,52,17,0.8147198036466161
34,56,21,0.8417175031113016
34,56,48,0.8279835596825089
34,57,59,0.8601918106016939
34,59,24,0.8555160249541054
34,59,57,0.8601918106016939
34,60,25,0.853806198772862
34,64,29,0.8156487266081831
34,65,30,0.8875327870830371
34,69,34,0.854578081645717
35,0,35,0.849577231878354
35,5,11,0.8277035062532544
35,5,21,0.83316591309222
35,7,13,0.8956677095174627
35,7,42,0.8519623710694538
35,8,15,0.8033707681970859
35,9,42,0.8591891675338734
35,10,14,0.8464283275797344
35,10,25,0.8231874317908323
35,10,45,0.9143673776353705
35,11,5,0.8277035062532544
35,11,21,0.8266146653604582
35,11,46,0.8102502084224307
35,13,7,0.8956677095174627
35,13,42,0.8449453912589672
35,13,48,0.8637663068266392
35,14,10,0.8464283275797344
35,14,49,0.8872880209048042
35,15,8,0.8033707681970859
35,17,29,0.8038437219834065
35,17,52,0.8301534414864117
35,18,20,0.8354652275254252
35,20,18,0.8354652275254252
35,20,31,0.841339059388314
35,21,5,0.83316591309222
35,21,11,0.8266146653604582
35,21,56,0.8672863508615455
35,22,24,0.8632681408851255
35,22,57,0.8148384878441086
35,24,22,0.8632681408851255
35,24,57,0.8102959635910572
35,24,59,0.8041674055494055
35,25,10,0.8231874317908323
35,25,60,0.9236009660085094
35,29,17,0.8038437219834065
35,31,20,0.841339059388314
35,35,0,0.849577231878354
35,42,7,0.8519623710694538
35,42,9,0.8591891675338734
35,42,13,0.8449453912589672
35,42,48,0.8020840628363046
35,45,10,0.9143673776353705
35,46,11,0.8102502084224307
35,48,13,0.8637663068266392
35,48,42,0.8020840628363046
35,49,14,0.8872880209048042
35,52,17,0.8301534414864117
35,56,21,0.8672863508615455
35,57,22,0.8148384878441086
35,57,24,0.8102959635910572
35,59,24,0.8041674055494055
35,60,25,0.9236009660085094
36,2,37,0.8363668559199571
36,5,21,0.8597707303762118
36,5,56,0.8206464322098534
36,7,42,0.8232101546229894
36,10,25,0.8373777862760298
36,10,60,0.808652090023734
36,11,46,0.8069872000255847
36,13,21,0.8398138947643071
36,13,48,0.8846725593044786
36,14,32,0.8001760112030348
36,14,49,0.8629116494353937
36,16,51,0.8109072813407388
36,17,52,0.8754151541859432
36,21,5,0.8597707303762118
36,21,13,0.8398138947643071
36,21,48,0.8084820248562915
36,21,56,0.8659756548047972
36,22,24,0.8891531269842068
36,22,57,0.8915262193818523
36,22,59,0.8286575643772319
36,24,22,0.8891531269842068
36,24,57,0.8633440747946344
36,24,59,0.8830546277483398
36,25,10,0.8373777862760298
36,25,60,0.9199780429905232
36,26,61,0.847386945887641
36,30,65,0.8600298692247287
36,32,14,0.8001760112030348
36,36,65,0.8020942534971526
36,37,2,0.8363668559199571
36,42,7,0.8232101546229894
36,46,11,0.8069872000255847
36,48,13,0.8846725593044786
36,48,21,0.8084820248562915
36,48,56,0.8557099209025556
36,49,14,0.8629116494353937
36,51,16,0.8109072813407388
36,52,17,0.8754151541859432
36,56,5,0.8206464322098534
36,56,21,0.8659756548047972
36,56,48,0.8557099209025556
36,57,22,0.8915262193818523
36,57,24,0.8633440747946344
36,57,59,0.8678476631544819
36,59,22,0.8286575643772319
36,59,24,0.8830546277483398
36,59,57,0.8678476631544819
36,60,10,0.808652090023734
36,60,25,0.9199780429905232
36,61,26,0.847386945887641
36,65,30,0.8600298692247287
36,65,36,0.8020942534971526
37,8,15,0.8316044812289788
37,14,49,0.8502975974461886
37,15,8,0.8316044812289788
37,21,56,0.8584869329879585
37,25,60,0.8141085469157503
37,49,14,0.8502975974461886
37,56,21,0.8584869329879585
37,57,59,0.8072809603931932
37,59,57,0.8072809603931932
37,60,25,0.8141085469157503
38,10,45,0.8495093426328371
38,11,46,0.8571742350893722
38,13,48,0.8053261778961642
38,25,60,0.8718125466992009
38,45,10,0.8495093426328371
38,46,11,0.8571742350893722
38,48,13,0.8053261778961642
38,60,25,0.8718125466992009
39,2,37,0.8284766941395558
39,5,40,0.8625294601461881
39,10,25,0.8123601403504687
39,10,45,0.8344736036821718
39,14,49,0.8220924663856191
39,22,24,0.8434630833833291
39,22,57,0.818574636209854
39,24,22,0.8434630833833291
39,25,10,0.8123601403504687
39,25,60,0.8747931446841347
39,26,61,0.8516383607379121
39,37,2,0.8284766941395558
39,38,43,0.8985958849231623
39,40,5,0.8625294601461881
39,43,38,0.8985958849231623
39,45,10,0.8344736036821718
39,49,14,0.8220924663856191
39,57,22,0.818574636209854
39,60,25,0.8747931446841347
39,61,26,0.8516383607379121
40,2,37,0.8312320171621103
40,7,13,0.836302426103249
40,7,42,0.8729951070719918
40,10,25,0.8785235580547931
40,10,45,0.822747229141227
40,13,7,0.836302426103249
40,13,42,0.8073154660309555
40,13,48,0.8222785991246094
40,14,49,0.8586564977206529
40,25,10,0.8785235580547931
40,25,60,0.8849731349572839
40,30,65,0.8006545896965288
40,37,2,0.8312320171621103
40,42,7,0.8729951070719918
40,42,13,0.8073154660309555
40,45,10,0.822747229141227
40,48,13,0.8222785991246094
40,49,14,0.8586564977206529
40,60,25,0.8849731349572839
40,65,30,0.8006545896965288
41,0,35,0.8000613735018047
41,7,42,0.8396988100244919
41,10,25,0.8355097264145865
41,10,45,0.8558619853589288
41,13,48,0.8731914141095672
41,14,49,0.8390685836167323
41,17,52,0.8703767306435957
41,22,24,0.8857193963861482
41,22,57,0.8959685165054607
41,22,59,0.8394654427732952
41,24,22,0.8857193963861482
41,24,57,0.8305596686261185
41,24,59,0.8942122640041907
41,25,10,0.8355097264145865
41,25,60,0.9176599715122549
41,26,61,0.8220238761274354
41,28,63,0.903848147603508
41,29,64,0.8340826570448234
41,30,65,0.8422839824849289
41,35,0,0.8000613735018047
41,42,7,0.8396988100244919
41,45,10,0.8558619853589288
41,48,13,0.8731914141095672
41,49,14,0.8390685836167323
41,52,17,0.8703767306435957
41,57,22,0.8959685165054607
41,57,24,0.8305596686261185
41,57,59,0.8364793684219769
41,59,22,0.8394654427732952
41,59,24,0.8942122640041907
41,59,57,0.8364793684219769
41,60,25,0.9176599715122549
41,61,26,0.8220238761274354
41,63,28,0.903848147603508
41,64,29,0.8340826570448234
41,65,30,0.8422839824849289
42,2,37,0.8398721753845718
42,7,13,0.8346631548083896
42,7,42,0.8217931731788077
42,10,25,0.8094498644631916
42,10,45,0.8683661930890848
42,11,13,0.8282734213548315
42,11,21,0.8312281066397962
42,13,7,0.8346631548083896
42,13,11,0.8282734213548315
42,13,21,0.8034733177271227
42,14,49,0.8333814462940969
42,16,51,0.8098044807522681
42,17,52,0.8002518821202855
42,21,11,0.8312281066397962
42,21,13,0.8034733177271227
42,25,10,0.8094498644631916
42,25,60,0.8768874249161015
42,29,64,0.8486591731743854
42,37,2,0.8398721753845718
42,42,7,0.8217931731788077
42,45,10,0.8683661930890848
42,49,14,0.8333814462940969
42,51,16,0.8098044807522681
42,52,17,0.8002518821202855
42,60,25,0.8768874249161015
42,60,64,0.8258265011280839
42,64,29,0.8486591731743854
42,64,60,0.8258265011280839
43,0,35,0.8294619790801159
43,2,37,0.8099288461485313
43,7,11,0.8142054774972273
43,7,13,0.8472731667309052
43,7,42,0.8185314234466272
43,10,25,0.8185187252111895
43,11,7,0.8142054774972273
43,13,7,0.8472731667309052
43,13,48,0.8363298566089391
43,14,49,0.8144532107128916
43,16,51,0.8432041480468875
43,17,52,0.8675905317261715
43,22,24,0.8387312990527208
43,22,59,0.8227325404474211
43,24,22,0.8387312990527208
43,24,59,0.8767916271505364
43,25,10,0.8185187252111895
43,25,40,0.8012075103333794
43,25,60,0.8532106976888657
43,35,0,0.8294619790801159
43,37,2,0.8099288461485313
43,38,43,0.80136706608835
43,40,25,0.8012075103333794
43,42,7,0.8185314234466272
43,43,38,0.80136706608835
43,48,13,0.8363298566089391
43,49,14,0.8144532107128916
43,51,16,0.8432041480468875
43,52,17,0.8675905317261715
43,59,22,0.8227325404474211
43,59,24,0.8767916271505364
43,60,25,0.8532106976888657
44,0,35,0.8401180699648487
44,2,37,0.8015724601651827
44,3,27,0.8064927458857988
44,7,42,0.8019812910025614
44,7,48,0.8219121404407717
44,10,25,0.8024623707721423
44,10,45,0.8506758003767322
44,12,47,0.8132154015040165
44,13,48,0.838010123163239
44,14,49,0.8807884026799314
44,16,51,0.8377277365399911
44,17,52,0.8137177781735364
44,18,31,0.8075340954782692
44,22,24,0.8642178886719312
44,22,59,0.8068326917690586
44,24,22,0.8642178886719312
44,24,57,0.8073344132109945
44,24,59,0.8505438387947793
44,25,10,0.8024623707721423
44,25,60,0.876212603065906
44,27,3,0.8064927458857988
44,29,42,0.8019591905411638
44,31,18,0.8075340954782692
44,35,0,0.8401180699648487
44,37,2,0.8015724601651827
44,42,7,0.8019812910025614
44,42,29,0.8019591905411638
44,42,46,0.8278631424653058
44,42,48,0.8061546242766745
44,45,10,0.8506758003767322
44,46,42,0.8278631424653058
44,46,48,0.813613188208432
44,47,12,0.8132154015040165
44,48,7,0.8219121404407717
44,48,13,0.838010123163239
44,48,42,0.8061546242766745
44,48,46,0.813613188208432
44,49,14,0.8807884026799314
44,51,16,0.8377277365399911
44,52,17,0.8137177781735364
44,57,24,0.8073344132109945
44,57,59,0.8563148537510011
44,59,22,0.8068326917690586
44,59,24,0.8505438387947793
44,59,57,0.8563148537510011
44,60,25,0.876212603065906
45,0,35,0.8223887347828512
45,3,8,0.8167516503705142
45,5,21,0.8348995661618527
45,7,42,0.8248710420384844
45,8,3,0.8167516503705142
45,10,25,0.8722150017186999
45,10,45,0.8947285300511834
45,10,60,0.8020080778630171
45,13,48,0.8130575169194686
45,14,26,0.8250613865010257
45,14,49,0.9129802406703357
45,17,52,0.8394329387608794
45,18,20,0.856026713520766
45,18,53,0.8392224624830795
45,20,18,0.856026713520766
45,21,5,0.8348995661618527
45,21,56,0.8649628931874903
45,24,59,0.8056279500356177
45,25,10,0.8722150017186999
45,25,45,0.8109119512000544
45,25,60,0.929196838440281
45,26,14,0.8250613865010257
45,26,49,0.84382514681833
45,26,61,0.8626579942929619
45,28,63,0.8049619901279547
45,35,0,0.8223887347828512
45,42,7,0.8248710420384844
45,43,50,0.8066828131133134
45,45,10,0.8947285300511834
45,45,25,0.8109119512000544
45,48,13,0.8130575169194686
45,49,14,0.9129802406703357
45,49,26,0.84382514681833
45,50,43,0.8066828131133134
45,52,17,0.8394329387608794
45,53,18,0.8392224624830795
45,56,21,0.8649628931874903
45,59,24,0.8056279500356177
45,60,10,0.8020080778630171
45,60,25,0.929196838440281
45,61,26,0.8626579942929619
45,63,28,0.8049619901279547
46,0,35,0.8395991149770115
46,1,30,0.8257129890227644
46,2,37,0.8316268850410821
46,6,41,0.8512315122744041
46,7,9,0.8510006898800762
46,7,13,0.8303145975641174
46,7,42,0.8976332633629999
46,7,48,0.8035431571229301
46,9,7,0.8510006898800762
46,9,42,0.8580957733613532
46,10,45,0.8491485289948012
46,13,7,0.8303145975641174
46,13,42,0.8076232822696778
46,13,48,0.8343667778023885
46,14,49,0.8209492078890526
46,15,30,0.8267657440666827
46,16,51,0.8435282802534224
46,17,52,0.8710333113641978
46,22,24,0.8774921546865148
46,22,57,0.8156295262291274
46,22,59,0.8159362489171958
46,24,22,0.8774921546865148
46,24,59,0.8946798060692023
46,25,60,0.8699565579853284
46,26,61,0.811704136094564
46,30,1,0.8257129890227644
46,30,15,0.8267657440666827
46,30,65,0.8709005880110137
46,34,69,0.8082788625641721
46,35,0,0.8395991149770115
46,37,2,0.8316268850410821
46,41,6,0.8512315122744041
46,42,7,0.8976332633629999
46,42,9,0.8580957733613532
46,42,13,0.8076232822696778
46,45,10,0.8491485289948012
46,48,7,0.8035431571229301
46,48,13,0.8343667778023885
46,49,14,0.8209492078890526
46,51,16,0.8435282802534224
46,52,17,0.8710333113641978
46,57,22,0.8156295262291274
46,57,59,0.8764839386008261
46,59,22,0.8159362489171958
46,59,24,0.8946798060692023
46,59,57,0.8764839386008261
46,60,25,0.8699565579853284
46,61,26,0.811704136094564
46,65,30,0.8709005880110137
46,69,34,0.8082788625641721
47,0,35,0.8526922922976962
47,2,28,0.8113300817333646
47,5,11,0.8107801656644659
47,5,21,0.8659877986400136
47,7,13,0.8395649453599848
47,7,42,0.8320624617056378
47,10,45,0.8343562852203067
47,11,5,0.8107801656644659
47,12,47,0.8092913207579742
47,13,7,0.8395649453599848
47,13,48,0.8430855410945284
47,14,49,0.8774892561336871
47,15,30,0.8766100497687072
47,17,24,0.8055809848408432
47,17,52,0.8387503980448718
47,18,24,0.8187541515800948
47,18,53,0.8334177779497998
47,19,20,0.8234702010181763
47,20,19,0.8234702010181763
47,21,5,0.8659877986400136
47,21,56,0.8150104950385515
47,22,24,0.8735444287266788
47,22,57,0.8344063673905437
47,24,17,0.8055809848408432
47,24,18,0.8187541515800948
47,24,22,0.8735444287266788
47,24,59,0.8297432079357343
47,24,65,0.8153854759695028
47,25,60,0.8747050950087606
47,26,61,0.8168424752573071
47,28,2,0.8113300817333646
47,30,15,0.8766100497687072
47,30,65,0.8461362149642393
47,35,0,0.8526922922976962
47,35,65,0.8325946826914655
47,38,43,0.8038894894370063
47,38,64,0.8103360246659458
47,42,7,0.8320624617056378
47,43,38,0.8038894894370063
47,44,50,0.8362694636067953
47,45,10,0.8343562852203067
47,47,12,0.8092913207579742
47,48,13,0.8430855410945284
47,49,14,0.8774892561336871
47,50,44,0.8362694636067953
47,50,54,0.8008410123301262
47,50,55,0.8191151678078566
47,50,63,0.8166493601282748
47,52,17,0.8387503980448718
47,53,18,0.8334177779497998
47,54,50,0.8008410123301262
47,54,55,0.8716861426573038
47,54,63,0.8053148614231405
47,55,50,0.8191151678078566
47,55,54,0.8716861426573038
47,56,21,0.8150104950385515
47,57,22,0.8344063673905437
47,59,24,0.8297432079357343
47,60,25,0.8747050950087606
47,61,26,0.8168424752573071
47,63,50,0.8166493601282748
47,63,54,0.8053148614231405
47,64,38,0.8103360246659458
47,65,24,0.8153854759695028
47,65,30,0.8461362149642393
47,65,35,0.8325946826914655
48,0,35,0.8984549080505158
48,2,37,0.8230278212218104
48,5,21,0.88491165509741
48,5,40,0.8963142153800567
48,5,56,0.8651075876069119
48,7,13,0.821218780509047
48,7,42,0.893117096941121
48,7,48,0.8288627487542538
48,10,25,0.8736394527799848
48,10,45,0.8842162179702885
48,10,60,0.8325573036292611
48,11,21,0.8519041919902609
48,11,46,0.9279364122601672
48,12,47,0.8262932747322036
48,13,7,0.821218780509047
48,13,42,0.8100916152639098
48,13,48,0.9111088958933888
48,17,22,0.8041680216306492
48,17,24,0.8396863876666244
48,17,52,0.8052258331339011
48,18,20,0.8141210777750808
48,20,18,0.8141210777750808
48,21,5,0.88491165509741
48,21,11,0.8519041919902609
48,21,40,0.8367005954612617
48,21,46,0.8430851362893739
48,21,56,0.9109826871603596
48,22,17,0.8041680216306492
48,22,24,0.8604275368048749
48,22,56,0.8190327683606259
48,22,57,0.8653735756032238
48,24,17,0.8396863876666244
48,24,22,0.8604275368048749
48,25,10,0.8736394527799848
48,25,29,0.8378195100862532
48,25,40,0.8312575643018378
48,25,48,0.8252264219665716
48,25,60,0.9258690341014933
48,25,64,0.809417744145419
48,28,37,0.8085096897305774
48,28,63,0.8312097612141172
48,29,25,0.8378195100862532
48,29,48,0.8339714699789966
48,29,60,0.8232703934135026
48,29,64,0.916333336627151
48,30,65,0.8511471729087706
48,35,0,0.8984549080505158
48,35,37,0.8317938844140624
48,36,65,0.8506049831350974
48,37,2,0.8230278212218104
48,37,28,0.8085096897305774
48,37,35,0.8317938844140624
48,38,43,0.8043399621929682
48,40,5,0.8963142153800567
48,40,21,0.8367005954612617
48,40,25,0.8312575643018378
48,40,48,0.8112725687857292
48,40,56,0.8776870762849632
48,42,7,0.893117096941121
48,42,13,0.8100916152639098
48,42,48,0.8391538013634708
48,43,38,0.8043399621929682
48,43,62,0.8072604099598354
48,45,10,0.8842162179702885
48,46,11,0.9279364122601672
48,46,21,0.8430851362893739
48,47,12,0.8262932747322036
48,48,7,0.8288627487542538
48,48,13,0.9111088958933888
48,48,25,0.8252264219665716
48,48,29,0.8339714699789966
48,48,40,0.8112725687857292
48,48,42,0.8391538013634708
48,48,64,0.8339193762312607
48,52,17,0.8052258331339011
48,56,5,0.8651075876069119
48,56,21,0.9109826871603596
48,56,22,0.8190327683606259
48,56,40,0.8776870762849632
48,57,22,0.8653735756032238
48,57,59,0.8099169316881573
48,59,57,0.8099169316881573
48,60,10,0.8325573036292611
48,60,25,0.9258690341014933
48,60,29,0.8232703934135026
48,60,64,0.8549593754938983
48,62,43,0.8072604099598354
48,63,28,0.8312097612141172
48,64,25,0.809417744145419
48,64,29,0.916333336627151
48,64,48,0.8339193762312607
48,64,60,0.8549593754938983
48,65,30,0.8511471729087706
48,65,36,0.8506049831350974
49,0,28,0.8024190621091077
49,0,35,0.8896863373533028
49,2,4,0.8630864959482368
49,2,23,0.8580614861590689
49,2,37,0.8660130304339392
49,3,8,0.8062096076261707
49,4,2,0.8630864959482368
49,4,23,0.8307727174132277
49,4,26,0.8229125898219908
49,4,28,0.8421956154515388
49,5,40,0.824714146047546
49,7,13,0.860300138197346
49,7,42,0.8651858312026548
49,7,48,0.8512337833799102
49,8,3,0.8062096076261707
49,9,42,0.8351376829135115
49,10,45,0.8350674428060672
49,11,13,0.8163200934201483
49,11,21,0.8282360229436923
49,11,46,0.8080050560270733
49,11,48,0.8033131255421938
49,13,7,0.860300138197346
49,13,11,0.8163200934201483
49,13,42,0.8497353795475785
49,13,46,0.8091497548178967
49,13,48,0.9014500867952668
49,13,65,0.8117915789340946
49,14,26,0.8093413921750042
49,14,49,0.8696855932469238
49,15,50,0.8183205838351114
49,17,24,0.8699759344478023
49,17,52,0.8998065651774253
49,19,63,0.8042576932921682
49,21,11,0.8282360229436923
49,21,56,0.847679409271271
49,22,57,0.854075841565817
49,23,2,0.8580614861590689
49,23,4,0.8307727174132277
49,24,17,0.8699759344478023
49,24,52,0.8381432546085071
49,24,59,0.9001020487354269
49,25,60,0.8313220949001436
49,26,4,0.8229125898219908
49,26,14,0.8093413921750042
49,26,28,0.8514610465644522
49,26,49,0.8217260011212668
49,26,61,0.8220826233755945
49,28,0,0.8024190621091077
49,28,4,0.8421956154515388
49,28,26,0.8514610465644522
49,28,63,0.8713933655176266
49,30,65,0.8834973948210143
49,35,0,0.8896863373533028
49,37,2,0.8660130304339392
49,38,43,0.8120250630398856
49,40,5,0.824714146047546
49,42,7,0.8651858312026548
49,42,9,0.8351376829135115
49,42,13,0.8497353795475785
49,42,46,0.8435729927865789
49,42,48,0.8699070421854714
49,43,38,0.8120250630398856
49,45,10,0.8350674428060672
49,46,11,0.8080050560270733
49,46,13,0.8091497548178967
49,46,42,0.8435729927865789
49,46,48,0.8121215625072048
49,48,7,0.8512337833799102
49,48,11,0.8033131255421938
49,48,13,0.9014500867952668
49,48,42,0.8699070421854714
49,48,46,0.8121215625072048
49,48,65,0.845402105709172
49,49,14,0.8696855932469238
49,49,26,0.8217260011212668
49,50,15,0.8183205838351114
49,50,65,0.8089037111389081
49,52,17,0.8998065651774253
49,52,24,0.8381432546085071
49,56,21,0.847679409271271
49,57,22,0.854075841565817
49,57,59,0.8509870044614961
49,59,24,0.9001020487354269
49,59,57,0.8509870044614961
49,60,25,0.8313220949001436
49,61,26,0.8220826233755945
49,63,19,0.8042576932921682
49,63,28,0.8713933655176266
49,65,13,0.8117915789340946
49,65,30,0.8834973948210143
49,65,48,0.845402105709172
49,65,50,0.8089037111389081
50,3,8,0.8192524287131084
50,8,3,0.8192524287131084
50,10,25,0.8104432950375068
50,10,45,0.8024003013841402
50,11,46,0.8203201316313625
50,14,49,0.9098478978731874
50,16,51,0.8107479799459263
50,22,24,0.8220114625964551
50,22,57,0.8656597554104367
50,24,22,0.8220114625964551
50,25,10,0.8104432950375068
50,28,63,0.8028896119519549
50,38,43,0.8288958216864166
50,43,38,0.8288958216864166
50,45,10,0.8024003013841402
50,46,11,0.8203201316313625
50,49,14,0.9098478978731874
50,51,16,0.8107479799459263
50,57,22,0.8656597554104367
50,63,28,0.8028896119519549
51,3,8,0.8190824673544822
51,5,40,0.8270576179484049
51,8,3,0.8190824673544822
51,10,25,0.8874033991166497
51,10,45,0.8569820201951682
51,11,46,0.8612407647199477
51,13,48,0.8171257688570055
51,17,52,0.8188441770950093
51,18,20,0.8197090344568131
51,20,18,0.8197090344568131
51,22,24,0.8442488377414357
51,22,57,0.8369161111846439
51,24,22,0.8442488377414357
51,24,59,0.813879691365056
51,25,10,0.8874033991166497
51,25,60,0.8560008620253399
51,40,5,0.8270576179484049
51,45,10,0.8569820201951682
51,46,11,0.8612407647199477
51,48,13,0.8171257688570055
51,52,17,0.8188441770950093
51,57,22,0.8369161111846439
51,59,24,0.813879691365056
51,60,25,0.8560008620253399
52,0,35,0.8777234235578386
52,5,21,0.891232993518873
52,5,40,0.842427411577276
52,5,48,0.8333692809388571
52,5,56,0.8403025812924043
52,7,13,0.8315540760340623
52,7,42,0.8818543438057526
52,10,45,0.8256256737839274
52,11,13,0.8244664084420079
52,11,46,0.8214387753415366
52,13,7,0.8315540760340623
52,13,11,0.8244664084420079
52,13,21,0.8072066500749766
52,13,46,0.8301200085660206
52,13,48,0.8837513426826822
52,14,49,0.8246723615943011
52,16,51,0.8608975251466919
52,17,52,0.8394415186111689
52,21,5,0.891232993518873
52,21,13,0.8072066500749766
52,21,48,0.8801359140776918
52,21,56,0.8756797235211283
52,22,24,0.8713186017003453
52,22,57,0.847198304456773
52,22,59,0.8331518844032717
52,24,22,0.8713186017003453
52,24,57,0.8138255815614442
52,24,59,0.8846111890248746
52,25,60,0.9059515734860674
52,26,61,0.8353120747008519
52,28,63,0.8001317436789956
52,29,64,0.9056268493644921
52,31,66,0.8480783878897833
52,35,0,0.8777234235578386
52,40,5,0.842427411577276
52,42,7,0.8818543438057526
52,45,10,0.8256256737839274
52,46,11,0.8214387753415366
52,46,13,0.8301200085660206
52,46,48,0.8242552032671064
52,48,5,0.8333692809388571
52,48,13,0.8837513426826822
52,48,21,0.8801359140776918
52,48,46,0.8242552032671064
52,48,56,0.8325582889256752
52,49,14,0.8246723615943011
52,51,16,0.8608975251466919
52,52,17,0.8394415186111689
52,56,5,0.8403025812924043
52,56,21,0.8756797235211283
52,56,48,0.8325582889256752
52,57,22,0.847198304456773
52,57,24,0.8138255815614442
52,57,59,0.8964749791801728
52,59,22,0.8331518844032717
52,59,24,0.8846111890248746
52,59,57,0.8964749791801728
52,60,25,0.9059515734860674
52,61,26,0.8353120747008519
52,63,28,0.8001317436789956
52,64,29,0.9056268493644921
52,66,31,0.8480783878897833
53,0,35,0.8766889663680799
53,3,27,0.817396600566293
53,4,23,0.8112033206517648
53,5,40,0.8013029497697053
53,5,48,0.8134590121304586
53,7,13,0.8430728180126605
53,7,42,0.8652547711892865
53,7,48,0.8275132495497474
53,10,45,0.8946418874132034
53,12,47,0.8165177859846807
53,13,7,0.8430728180126605
53,13,42,0.8170750203800108
53,13,48,0.9303224460526873
53,16,51,0.8410111070745543
53,17,22,0.8134754215385441
53,17,24,0.8678485587913018
53,17,52,0.8677841503479604
53,17,59,0.8348428422445016
53,21,56,0.9142239387952986
53,22,17,0.8134754215385441
53,22,24,0.8641324855420014
53,22,57,0.8975422208097307
53,22,59,0.8048540028415175
53,23,4,0.8112033206517648
53,24,17,0.8678485587913018
53,24,22,0.8641324855420014
53,24,52,0.8473606750892956
53,24,57,0.8383922918962035
53,24,59,0.9207971402261097
53,25,60,0.9032634345494861
53,27,3,0.817396600566293
53,29,64,0.8270970588151183
53,30,65,0.868322584439472
53,35,0,0.8766889663680799
53,40,5,0.8013029497697053
53,40,46,0.8020558083145108
53,42,7,0.8652547711892865
53,42,13,0.8170750203800108
53,42,46,0.8505545243449029
53,42,48,0.861887335441503
53,45,10,0.8946418874132034
53,46,40,0.8020558083145108
53,46,42,0.8505545243449029
53,47,12,0.8165177859846807
53,48,5,0.8134590121304586
53,48,7,0.8275132495497474
53,48,13,0.9303224460526873
53,48,42,0.861887335441503
53,51,16,0.8410111070745543
53,52,17,0.8677841503479604
53,52,24,0.8473606750892956
53,52,59,0.8518880912873338
53,54,55,0.8511179289360773
53,55,54,0.8511179289360773
53,56,21,0.9142239387952986
53,57,22,0.8975422208097307
53,57,24,0.8383922918962035
53,57,59,0.837019907839156
53,59,17,0.8348428422445016
53,59,22,0.8048540028415175
53,59,24,0.9207971402261097
53,59,52,0.8518880912873338
53,59,57,0.837019907839156
53,60,25,0.9032634345494861
53,64,29,0.8270970588151183
53,65,30,0.868322584439472
54,0,35,0.9138749441827617
54,0,42,0.8582649661000405
54,1,15,0.8279449041222378
54,1,30,0.8021698878073052
54,2,37,0.8545683918169029
54,5,11,0.8942693700395868
54,5,13,0.8758571760925463
54,5,21,0.9309330983057376
54,5,40,0.9406287856592762
54,5,46,0.8658051415073129
54,5,48,0.8913315407684045
54,5,56,0.9307063336314021
54,7,9,0.888073925663727
54,7,11,0.8933290749883525
54,7,13,0.912340939432212
54,7,42,0.8915503118423326
54,7,46,0.8636618137570448
54,7,48,0.9114910977797928
54,9,7,0.888073925663727
54,9,11,0.8492236939440058
54,9,13,0.8066420526863964
54,9,15,0.8207923287477886
54,9,42,0.8638435378962195
54,9,46,0.8134529391107499
54,9,48,0.8081006712739405
54,10,25,0.8952867655279146
54,10,45,0.8918132220614218
54,10,60,0.8219678711735774
54,11,5,0.8942693700395868
54,11,7,0.8933290749883525
54,11,9,0.8492236939440058
54,11,13,0.9121930324334293
54,11,21,0.8919157440227407
54,11,29,0.81662881576324
54,11,40,0.86380079231439
54,11,46,0.9397900570392684
54,11,48,0.9116480593363395
54,11,56,0.8620067060759801
54,13,5,0.8758571760925463
54,13,7,0.912340939432212
54,13,9,0.8066420526863964
54,13,11,0.9121930324334293
54,13,21,0.8768782971802235
54,13,29,0.8157192627180768
54,13,40,0.8583686268926145
54,13,42,0.8491042388111836
54,13,46,0.8692220603472612
54,13,48,0.9495725641610785
54,13,56,0.8152437059585845
54,14,49,0.8443583716315706
54,15,1,0.8279449041222378
54,15,9,0.8207923287477886
54,15,30,0.8435515342874036
54,17,52,0.9019477809202546
54,18,20,0.8359404751525682
54,20,18,0.8359404751525682
54,21,5,0.9309330983057376
54,21,11,0.8919157440227407
54,21,13,0.8768782971802235
54,21,40,0.8593408942024805
54,21,46,0.8514753006170166
54,21,48,0.8585653195933827
54,21,56,0.9253233519941544
54,22,24,0.8849100220914324
54,22,57,0.8653366601621798
54,24,22,0.8849100220914324
54,24,57,0.849180951285091
54,24,59,0.8992931155212642
54,25,10,0.8952867655279146
54,25,29,0.8061111144189907
54,25,45,0.8710678215725397
54,25,60,0.9220204822860139
54,26,28,0.8292481674798803
54,26,61,0.8854754162599237
54,27,28,0.8569695132861598
54,28,26,0.8292481674798803
54,28,27,0.8569695132861598
54,28,63,0.8214898360661472
54,29,11,0.81662881576324
54,29,13,0.8157192627180768
54,29,25,0.8061111144189907
54,29,40,0.8412841942300966
54,29,46,0.8282942771520713
54,29,48,0.8244272076830294
54,29,60,0.8484834862460834
54,29,64,0.8133940200228881
54,30,1,0.8021698878073052
54,30,15,0.8435515342874036
54,30,36,0.8042191468563112
54,30,65,0.8610077932342772
54,35,0,0.9138749441827617
54,35,42,0.8283727325291406
54,36,30,0.8042191468563112
54,37,2,0.8545683918169029
54,40,5,0.9406287856592762
54,40,11,0.86380079231439
54,40,13,0.8583686268926145
54,40,21,0.8593408942024805
54,40,29,0.8412841942300966
54,40,46,0.8864058984708607
54,40,48,0.897035899959887
54,40,56,0.9044724260800044
54,42,0,0.8582649661000405
54,42,7,0.8915503118423326
54,42,9,0.8638435378962195
54,42,13,0.8491042388111836
54,42,35,0.8283727325291406
54,42,48,0.8693544314206388
54,42,67,0.8012865746022603
54,45,10,0.8918132220614218
54,45,25,0.8710678215725397
54,45,60,0.8599422268282548
54,46,5,0.8658051415073129
54,46,7,0.8636618137570448
54,46,9,0.8134529391107499
54,46,11,0.9397900570392684
54,46,13,0.8692220603472612
54,46,21,0.8514753006170166
54,46,29,0.8282942771520713
54,46,40,0.8864058984708607
54,46,48,0.8880604047500741
54,46,56,0.8516682733187683
54,48,5,0.8913315407684045
54,48,7,0.9114910977797928
54,48,9,0.8081006712739405
54,48,11,0.9116480593363395
54,48,13,0.9495725641610785
54,48,21,0.8585653195933827
54,48,29,0.8244272076830294
54,48,40,0.897035899959887
54,48,42,0.8693544314206388
54,48,46,0.8880604047500741
54,48,56,0.8595951657836571
54,49,14,0.8443583716315706
54,52,17,0.9019477809202546
54,56,5,0.9307063336314021
54,56,11,0.8620067060759801
54,56,13,0.8152437059585845
54,56,21,0.9253233519941544
54,56,40,0.9044724260800044
54,56,46,0.8516682733187683
54,56,48,0.8595951657836571
54,57,22,0.8653366601621798
54,57,24,0.849180951285091
54,57,59,0.8541186910691136
54,59,24,0.8992931155212642
54,59,57,0.8541186910691136
54,60,10,0.8219678711735774
54,60,25,0.9220204822860139
54,60,29,0.8484834862460834
54,60,45,0.8599422268282548
54,61,26,0.8854754162599237
54,63,28,0.8214898360661472
54,64,29,0.8133940200228881
54,65,30,0.8610077932342772
54,67,42,0.8012865746022603
55,0,35,0.8304043340497869
55,1,15,0.810803794374113
55,1,30,0.8192908942256709
55,5,40,0.8314144485190951
55,7,9,0.804848774818346
55,7,11,0.8570922456893718
55,7,42,0.8824025494931373
55,7,46,0.8063283175542588
55,7,48,0.8295178587515698
55,9,7,0.804848774818346
55,10,45,0.8956133037612827
55,11,7,0.8570922456893718
55,11,46,0.8431177280767892
55,11,48,0.8084001716110307
55,12,47,0.8280082704422611
55,13,48,0.8876565544726923
55,14,49,0.925076099401758
55,15,1,0.810803794374113
55,15,30,0.8179280099692764
55,15,50,0.8398461078452666
55,15,65,0.8003432408073358
55,17,52,0.8875582564970355
55,21,56,0.8627769911280677
55,22,24,0.909120387459779
55,22,57,0.8443489331021058
55,22,59,0.8246124856325896
55,24,22,0.909120387459779
55,24,57,0.817355348259623
55,24,59,0.8680546855071741
55,25,60,0.8907623435451173
55,26,61,0.8123829075540528
55,30,1,0.8192908942256709
55,30,15,0.8179280099692764
55,30,65,0.8689812004893529
55,33,68,0.8091329236568287
55,35,0,0.8304043340497869
55,36,50,0.823872306166455
55,36,65,0.8035621301096723
55,38,43,0.800875821528695
55,38,50,0.8311658619849412
55,40,5,0.8314144485190951
55,42,7,0.8824025494931373
55,43,38,0.800875821528695
55,43,50,0.8339509011597841
55,45,10,0.8956133037612827
55,46,7,0.8063283175542588
55,46,11,0.8431177280767892
55,47,12,0.8280082704422611
55,48,7,0.8295178587515698
55,48,11,0.8084001716110307
55,48,13,0.8876565544726923
55,48,56,0.8316065742973133
55,49,14,0.925076099401758
55,50,15,0.8398461078452666
55,50,36,0.823872306166455
55,50,38,0.8311658619849412
55,50,43,0.8339509011597841
55,50,65,0.8442236116269867
55,52,17,0.8875582564970355
55,53,55,0.8793594873323581
55,55,53,0.8793594873323581
55,56,21,0.8627769911280677
55,56,48,0.8316065742973133
55,57,22,0.8443489331021058
55,57,24,0.817355348259623
55,57,59,0.8989563519049204
55,59,22,0.8246124856325896
55,59,24,0.8680546855071741
55,59,57,0.8989563519049204
55,60,25,0.8907623435451173
55,60,64,0.8453376874640887
55,61,26,0.8123829075540528
55,64,60,0.8453376874640887
55,65,15,0.8003432408073358
55,65,30,0.8689812004893529
55,65,36,0.8035621301096723
55,65,50,0.8442236116269867
55,68,33,0.8091329236568287
56,0,35,0.8282176410324527
56,7,42,0.8013228852271799
56,14,49,0.8040556622780478
56,24,59,0.8087281183851367
56,25,60,0.8312634596374486
56,35,0,0.8282176410324527
56,42,7,0.8013228852271799
56,49,14,0.8040556622780478
56,59,24,0.8087281183851367
56,60,25,0.8312634596374486
